employee_id,employee_name,department,role,email,address_id
EMP_001,Employee 001,Procurement,Specialist,employee001@example.test,EADDR_001
EMP_002,Employee 002,Procurement,Analyst,employee002@example.test,EADDR_002
EMP_003,Employee 003,Legal,Director,employee003@example.test,EADDR_003
EMP_004,Employee 004,Operations,Director,employee004@example.test,EADDR_004
EMP_005,Employee 005,Legal,Specialist,employee005@example.test,EADDR_005
EMP_006,Employee 006,Legal,Manager,employee006@example.test,EADDR_006
EMP_007,Employee 007,Procurement,Manager,employee007@example.test,EADDR_007
EMP_008,Employee 008,Procurement,Director,employee008@example.test,EADDR_008
EMP_009,Employee 009,Operations,Manager,employee009@example.test,EADDR_009
EMP_010,Employee 010,Finance,Analyst,employee010@example.test,EADDR_010
EMP_011,Employee 011,IT,Manager,employee011@example.test,EADDR_011
EMP_012,Employee 012,Finance,Manager,employee012@example.test,EADDR_012
EMP_013,Employee 013,Procurement,Analyst,employee013@example.test,EADDR_013
EMP_014,Employee 014,Operations,Manager,employee014@example.test,EADDR_014
EMP_015,Employee 015,IT,Manager,employee015@example.test,EADDR_015
EMP_016,Employee 016,Procurement,Manager,employee016@example.test,EADDR_016
EMP_017,Employee 017,IT,Manager,employee017@example.test,EADDR_017
EMP_018,Employee 018,Finance,Director,employee018@example.test,EADDR_018
EMP_019,Employee 019,Operations,Manager,employee019@example.test,EADDR_019
EMP_020,Employee 020,Procurement,Specialist,employee020@example.test,EADDR_020
EMP_021,Employee 021,Procurement,Specialist,employee021@example.test,EADDR_021
EMP_022,Employee 022,Legal,Manager,employee022@example.test,EADDR_022
EMP_023,Employee 023,Procurement,Manager,employee023@example.test,EADDR_023
EMP_024,Employee 024,IT,Director,employee024@example.test,EADDR_024
EMP_025,Employee 025,Legal,Specialist,employee025@example.test,EADDR_025
EMP_026,Employee 026,IT,Director,employee026@example.test,EADDR_026
EMP_027,Employee 027,Operations,Specialist,employee027@example.test,EADDR_027
EMP_028,Employee 028,IT,Director,employee028@example.test,EADDR_028
EMP_029,Employee 029,Procurement,Director,employee029@example.test,EADDR_029
EMP_030,Employee 030,Finance,Manager,employee030@example.test,EADDR_030
EMP_031,Employee 031,Finance,Director,employee031@example.test,EADDR_031
EMP_032,Employee 032,Finance,Analyst,employee032@example.test,EADDR_032
EMP_033,Employee 033,IT,Director,employee033@example.test,EADDR_033
EMP_034,Employee 034,IT,Specialist,employee034@example.test,EADDR_034
EMP_035,Employee 035,Legal,Analyst,employee035@example.test,EADDR_035
EMP_036,Employee 036,Legal,Director,employee036@example.test,EADDR_036
EMP_037,Employee 037,Procurement,Analyst,employee037@example.test,EADDR_037
EMP_038,Employee 038,Procurement,Director,employee038@example.test,EADDR_038
EMP_039,Employee 039,IT,Analyst,employee039@example.test,EADDR_039
EMP_040,Employee 040,IT,Specialist,employee040@example.test,EADDR_040
EMP_041,Employee 041,Procurement,Analyst,employee041@example.test,EADDR_041
EMP_042,Employee 042,Legal,Specialist,employee042@example.test,EADDR_042
EMP_043,Employee 043,Finance,Specialist,employee043@example.test,EADDR_043
EMP_044,Employee 044,IT,Director,employee044@example.test,EADDR_044
EMP_045,Employee 045,IT,Specialist,employee045@example.test,EADDR_045
EMP_046,Employee 046,Legal,Specialist,employee046@example.test,EADDR_046
EMP_047,Employee 047,Legal,Specialist,employee047@example.test,EADDR_047
EMP_048,Employee 048,Finance,Manager,employee048@example.test,EADDR_048
EMP_049,Employee 049,Procurement,Director,employee049@example.test,EADDR_049
EMP_050,Employee 050,Finance,Analyst,employee050@example.test,EADDR_050
EMP_051,Employee 051,IT,Director,employee051@example.test,EADDR_051
EMP_052,Employee 052,Finance,Analyst,employee052@example.test,EADDR_052
EMP_053,Employee 053,Finance,Director,employee053@example.test,EADDR_053
EMP_054,Employee 054,Finance,Director,employee054@example.test,EADDR_054
EMP_055,Employee 055,IT,Manager,employee055@example.test,EADDR_055
EMP_056,Employee 056,Procurement,Director,employee056@example.test,EADDR_056
EMP_057,Employee 057,Procurement,Specialist,employee057@example.test,EADDR_057
EMP_058,Employee 058,Legal,Specialist,employee058@example.test,EADDR_058
EMP_059,Employee 059,IT,Manager,employee059@example.test,EADDR_059
EMP_060,Employee 060,Operations,Director,employee060@example.test,EADDR_060
